{
  "00": [
    {
      "bit": "0",
      "detail": "R101(1M)",
      "context": "CE 101 (Down Slow) to CE 105 (Down Slow)",
      "value": 0
    },
    {
      "bit": "1",
      "detail": "R105(10M/W)",
      "context": "CE 105 (Down Slow) to CE 155 (Up Fast)",
      "value": 0
    },
    {
      "bit": "2",
      "detail": "R105(11M/W)",
      "context": "CE 105 (Down Slow) to CE 155 (Up Fast)",
      "value": 0
    },
    {
      "bit": "3",
      "detail": "R105(12M/C)",
      "context": "CE 105 (Down Slow) to Platform 5 (CE 157)",
      "value": 0
    },
    {
      "bit": "4",
      "detail": "R105(13M/C)",
      "context": "CE 105 (Down Slow) to Platform 5 (CE 157)",
      "value": 0
    },
    {
      "bit": "5",
      "detail": "R105(14M/C)",
      "context": "CE 105 (Down Slow) to Platform 4",
      "value": 0
    },
    {
      "bit": "6",
      "detail": "R105(15M/C)",
      "context": "CE 105 (Down Slow) to Platform 3",
      "value": 0
    },
    {
      "bit": "7",
      "detail": "R105(16M/C)",
      "context": "CE 105 (Down Slow) to Platform 2",
      "value": 0
    }
  ],
  "2C": [
    {
      "bit": "5",
      "detail": "CE101",
      "context": "Signal State",
      "value": 0
    },
    {
      "bit": "6",
      "detail": "CE105",
      "context": "Signal State",
      "value": 0
    },
    {
      "bit": "7",
      "detail": "CE107",
      "context": "Signal State",
      "value": 0
    },
    {
      "bit": "0",
      "detail": "R566(1S)",
      "context": "CE 566 (EMU Sidings) to Platform 1 (CE 136)",
      "value": 0
    },
    {
      "bit": "1",
      "detail": "R570(1S)",
      "context": "CE 570 (Engine Siding) to Platform 6 (CE 564)",
      "value": 0
    },
    {
      "bit": "2",
      "detail": "R570(2S)",
      "context": "CE 570 (Engine Siding) to Platform 9",
      "value": 0
    },
    {
      "bit": "3",
      "detail": "R570(3S)",
      "context": "CE 570 (Engine Siding) to Down Chester (CE 562)",
      "value": 0
    },
    {
      "bit": "4",
      "detail": "R573(1S)",
      "context": "CE 573 (Up Chester) to Crewe Works Arrival / Departure Line",
      "value": 0
    }
  ],
  "01": [
    {
      "bit": "1",
      "detail": "R105(1S)",
      "context": "CE 105 (Down Slow) to DED Access / Departure Line",
      "value": 0
    },
    {
      "bit": "2",
      "detail": "R105(2M/C)",
      "context": "CE 105 (Down Slow) to Platform 12 (CE 135)",
      "value": 0
    },
    {
      "bit": "3",
      "detail": "R105(3M/C)",
      "context": "CE 105 (Down Slow) to Up & Down Loop (CE 137)",
      "value": 0
    },
    {
      "bit": "4",
      "detail": "R105(4M/C)",
      "context": "CE 105 (Down Slow) to Platform 11 (CE 139)",
      "value": 0
    },
    {
      "bit": "5",
      "detail": "R105(5M/C)",
      "context": "CE 105 (Down Slow) to Platform 8",
      "value": 0
    },
    {
      "bit": "6",
      "detail": "R105(6M/C)",
      "context": "CE 105 (Down Slow) to Platform 7",
      "value": 0
    },
    {
      "bit": "7",
      "detail": "R105(7M/C/W)",
      "context": "CE 105 (Down Slow) to Platform 6 (CE 149)",
      "value": 0
    },
    {
      "bit": "0",
      "detail": "R105(17M/C)",
      "context": "CE 105 (Down Slow) to Platform 1 (CE 159)",
      "value": 0
    }
  ],
  "02": [
    {
      "bit": "0",
      "detail": "R105(8M)",
      "context": "CE 105 (Down Slow) to CE 153 (Down Fast)",
      "value": 0
    },
    {
      "bit": "1",
      "detail": "R105(9M)",
      "context": "CE 105 (Down Slow) to CE 153 (Down Fast)",
      "value": 0
    },
    {
      "bit": "2",
      "detail": "R107(10M/W)",
      "context": "CE 107 (Down Fast) to CE 155 (Up Fast)",
      "value": 0
    },
    {
      "bit": "3",
      "detail": "R107(11M/C)",
      "context": "CE 107 (Down Fast) to Platform 5 (CE 157)",
      "value": 0
    },
    {
      "bit": "4",
      "detail": "R107(12M/C)",
      "context": "CE 107 (Down Fast) to Platform 5 (CE 157)",
      "value": 0
    },
    {
      "bit": "5",
      "detail": "R107(13M/C)",
      "context": "CE 107 (Down Fast) to Platform 4",
      "value": 0
    },
    {
      "bit": "6",
      "detail": "R107(14M/C)",
      "context": "CE 107 (Down Fast) to Platform 3",
      "value": 0
    },
    {
      "bit": "7",
      "detail": "R107(15M/C)",
      "context": "CE 107 (Down Fast) to Platform 2",
      "value": 0
    }
  ],
  "03": [
    {
      "bit": "1",
      "detail": "R107(1S)",
      "context": "CE 107 (Down Fast) to DED Access / Departure Line",
      "value": 0
    },
    {
      "bit": "2",
      "detail": "R107(2M/C)",
      "context": "CE 107 (Down Fast) to Platform 12 (CE 135)",
      "value": 0
    },
    {
      "bit": "3",
      "detail": "R107(3M/C)",
      "context": "CE 107 (Down Fast) to Up & Down Loop (CE 137)",
      "value": 0
    },
    {
      "bit": "4",
      "detail": "R107(4M/C)",
      "context": "CE 107 (Down Fast) to Platform 11 (CE 139)",
      "value": 0
    },
    {
      "bit": "5",
      "detail": "R107(5M/C)",
      "context": "CE 107 (Down Fast) to Platform 8",
      "value": 0
    },
    {
      "bit": "6",
      "detail": "R107(6M/C)",
      "context": "CE 107 (Down Fast) to Platform 7",
      "value": 0
    },
    {
      "bit": "7",
      "detail": "R107(7M/C/W)",
      "context": "CE 107 (Down Fast) to Platform 6 (CE 149)",
      "value": 0
    },
    {
      "bit": "0",
      "detail": "R107(16M/C)",
      "context": "CE 107 (Down Fast) to Platform 1 (CE 159)",
      "value": 0
    }
  ],
  "04": [
    {
      "bit": "0",
      "detail": "R107(8M)",
      "context": "CE 107 (Down Fast) to CE 153 (Down Fast)",
      "value": 0
    },
    {
      "bit": "1",
      "detail": "R107(9M/W)",
      "context": "CE 107 (Down Fast) to CE 155 (Up Fast)",
      "value": 0
    },
    {
      "bit": "2",
      "detail": "R110(1M)",
      "context": "CE 110 (DED Access / Departure Line) to Up & Down Potteries (CE 198)",
      "value": 0
    },
    {
      "bit": "3",
      "detail": "R110(2M)",
      "context": "CE 110 (DED Access / Departure Line) to Up & Down Potteries Loop (CE 196)",
      "value": 0
    },
    {
      "bit": "4",
      "detail": "R110(5M/S)",
      "context": "CE 110 (DED Access / Departure Line) to Up Fast (CE 104)",
      "value": 0
    },
    {
      "bit": "5",
      "detail": "R110(6M/S)",
      "context": "CE 110 (DED Access / Departure Line) to Up Slow (CE 102)",
      "value": 0
    },
    {
      "bit": "6",
      "detail": "R110(9M)",
      "context": "CE 110 (DED Access / Departure Line) to Up Main (Salop)",
      "value": 0
    }
  ],
  "2D": [
    {
      "bit": "0",
      "detail": "CE110",
      "context": "Signal State",
      "value": 0
    },
    {
      "bit": "2",
      "detail": "CE112",
      "context": "Signal State",
      "value": 0
    },
    {
      "bit": "3",
      "detail": "CE113",
      "context": "Signal State",
      "value": 0
    },
    {
      "bit": "4",
      "detail": "CE114",
      "context": "Signal State",
      "value": 0
    },
    {
      "bit": "5",
      "detail": "CE115",
      "context": "Signal State",
      "value": 0
    },
    {
      "bit": "6",
      "detail": "CE116",
      "context": "Signal State",
      "value": 0
    },
    {
      "bit": "7",
      "detail": "CE117",
      "context": "Signal State",
      "value": 0
    }
  ],
  "05": [
    {
      "bit": "2",
      "detail": "R112(1M)",
      "context": "CE 112 (Platform 12) to Up & Down Potteries (CE 198)",
      "value": 0
    },
    {
      "bit": "3",
      "detail": "R112(2M)",
      "context": "CE 112 (Platform 12) to Up & Down Potteries Loop (CE 196)",
      "value": 0
    },
    {
      "bit": "4",
      "detail": "R112(5M/S)",
      "context": "CE 112 (Platform 12) to Up Fast (CE 104)",
      "value": 0
    },
    {
      "bit": "5",
      "detail": "R112(6M/S)",
      "context": "CE 112 (Platform 12) to Up Slow (CE 102)",
      "value": 0
    },
    {
      "bit": "6",
      "detail": "R112(9M)",
      "context": "CE 112 (Platform 12) to Up Main (Salop)",
      "value": 0
    },
    {
      "bit": "0",
      "detail": "R112(10S)",
      "context": "CE 112 (Platform 12) to Down Salop Goods Loop",
      "value": 0
    },
    {
      "bit": "1",
      "detail": "R112(11S)",
      "context": "CE 112 (Platform 12) to Siding (DED)",
      "value": 0
    },
    {
      "bit": "7",
      "detail": "R113(1M/C)",
      "context": "CE 113 (Down Salop Goods Loop) to Platform 12 (CE 135)",
      "value": 0
    }
  ],
  "06": [
    {
      "bit": "0",
      "detail": "R113(2M/C)",
      "context": "CE 113 (Down Salop Goods Loop) to Up & Down Loop (CE 137)",
      "value": 0
    },
    {
      "bit": "1",
      "detail": "R113(3M/C)",
      "context": "CE 113 (Down Salop Goods Loop) to Platform 11 (CE 135)",
      "value": 0
    },
    {
      "bit": "2",
      "detail": "R113(4M/C)",
      "context": "CE 113 (Down Salop Goods Loop) to Platform 8",
      "value": 0
    },
    {
      "bit": "3",
      "detail": "R113(5M/C)",
      "context": "CE 113 (Down Salop Goods Loop) to Platform 7",
      "value": 0
    },
    {
      "bit": "6",
      "detail": "R114(1M)",
      "context": "CE 114 (Up & Down Loop) to Up & Down Potteries (CE 198)",
      "value": 0
    },
    {
      "bit": "7",
      "detail": "R114(2M)",
      "context": "CE 114 (Up & Down Loop) to Up & Down Potteries Loop (CE 196)",
      "value": 0
    },
    {
      "bit": "4",
      "detail": "R114(10S)",
      "context": "CE 114 (Up & Down Loop) to Down Salop Goods Loop",
      "value": 0
    },
    {
      "bit": "5",
      "detail": "R114(11S)",
      "context": "CE 114 (Up & Down Loop) to Siding (DED)",
      "value": 0
    }
  ],
  "07": [
    {
      "bit": "0",
      "detail": "R114(5M/S)",
      "context": "CE 114 (Up & Down Loop) to Up Fast (CE 104)",
      "value": 0
    },
    {
      "bit": "2",
      "detail": "R114(6M/S)",
      "context": "CE 114 (Up & Down Loop) to Up Slow (CE 102)",
      "value": 0
    },
    {
      "bit": "3",
      "detail": "R114(9M)",
      "context": "CE 114 (Up & Down Loop) to Up Main (Salop)",
      "value": 0
    },
    {
      "bit": "4",
      "detail": "R115(1M/C)",
      "context": "CE 115 (Down Main [Salop]) to Platform 12 (CE 135)",
      "value": 0
    },
    {
      "bit": "5",
      "detail": "R115(2M/C)",
      "context": "CE 115 (Down Main [Salop]) to Up & Down Loop (CE 137)",
      "value": 0
    },
    {
      "bit": "6",
      "detail": "R115(3M/C)",
      "context": "CE 115 (Down Main [Salop]) to Platform 11 (CE 135)",
      "value": 0
    },
    {
      "bit": "7",
      "detail": "R115(4M/C)",
      "context": "CE 115 (Down Main [Salop]) to Platform 8",
      "value": 0
    }
  ],
  "08": [
    {
      "bit": "0",
      "detail": "R115(5M/C)",
      "context": "CE 115 (Down Main [Salop]) to Platform 7",
      "value": 0
    },
    {
      "bit": "3",
      "detail": "R116(1M)",
      "context": "CE 116 (Platform 11) to Up & Down Potteries (CE 198)",
      "value": 0
    },
    {
      "bit": "4",
      "detail": "R116(2M)",
      "context": "CE 116 (Platform 11) to Up & Down Potteries Loop (CE 196)",
      "value": 0
    },
    {
      "bit": "5",
      "detail": "R116(5M/S)",
      "context": "CE 116 (Platform 11) to Up Fast (CE 104)",
      "value": 0
    },
    {
      "bit": "6",
      "detail": "R116(6M/S)",
      "context": "CE 116 (Platform 11) to Up Slow (CE 102)",
      "value": 0
    },
    {
      "bit": "7",
      "detail": "R116(9M)",
      "context": "CE 116 (Platform 11) to Up Main (Salop)",
      "value": 0
    },
    {
      "bit": "1",
      "detail": "R116(10S)",
      "context": "CE 116 (Platform 11) to Down Salop Goods Loop",
      "value": 0
    },
    {
      "bit": "2",
      "detail": "R116(11S)",
      "context": "CE 116 (Platform 11) to Siding (DED)",
      "value": 0
    }
  ],
  "09": [
    {
      "bit": "1",
      "detail": "R117(1S)",
      "context": "CE 117 (Up Main [Salop]) to DED Access / Departure Line",
      "value": 0
    },
    {
      "bit": "2",
      "detail": "R117(2M/C)",
      "context": "CE 117 (Up Main [Salop]) to Platform 12 (CE 135)",
      "value": 0
    },
    {
      "bit": "3",
      "detail": "R117(3M/C)",
      "context": "CE 117 (Up Main [Salop]) to Up & Down Loop (CE 137)",
      "value": 0
    },
    {
      "bit": "4",
      "detail": "R117(4M/C)",
      "context": "CE 117 (Up Main [Salop]) to Platform 11 (CE 139)",
      "value": 0
    },
    {
      "bit": "5",
      "detail": "R117(5M/C)",
      "context": "CE 117 (Up Main [Salop]) to Platform 8",
      "value": 0
    },
    {
      "bit": "6",
      "detail": "R117(6M/C)",
      "context": "CE 117 (Up Main [Salop]) to Platform 7",
      "value": 0
    },
    {
      "bit": "7",
      "detail": "R117(7M/C/W)",
      "context": "CE 117 (Up Main [Salop]) to Platform 6 (CE 149)",
      "value": 0
    },
    {
      "bit": "0",
      "detail": "R117(10M/C)",
      "context": "CE 117 (Up Main [Salop]) to Platform 5 (CE 157)",
      "value": 0
    }
  ],
  "0A": [
    {
      "bit": "0",
      "detail": "R117(8M)",
      "context": "CE 117 (Up Main [Salop]) to Down Fast (CE 153)",
      "value": 0
    },
    {
      "bit": "1",
      "detail": "R117(9M/W)",
      "context": "CE 117 (Up Main [Salop]) to Up Fast (CE 155)",
      "value": 0
    },
    {
      "bit": "4",
      "detail": "R118(1M)",
      "context": "CE 118 (Platform 8) to Up & Down Potteries (CE 198)",
      "value": 0
    },
    {
      "bit": "5",
      "detail": "R118(2M)",
      "context": "CE 118 (Platform 8) to Up & Down Potteries Loop (CE 196)",
      "value": 0
    },
    {
      "bit": "6",
      "detail": "R118(5M/S)",
      "context": "CE 118 (Platform 8) to Up Fast (CE 104)",
      "value": 0
    },
    {
      "bit": "7",
      "detail": "R118(6M/S)",
      "context": "CE 118 (Platform 8) to Up Slow (CE 102)",
      "value": 0
    },
    {
      "bit": "2",
      "detail": "R118(10S)",
      "context": "CE 118 (Platform 8) to Down Salop Goods",
      "value": 0
    },
    {
      "bit": "3",
      "detail": "R118(11S)",
      "context": "CE 118 (Platform 8) to DED Siding",
      "value": 0
    }
  ],
  "0B": [
    {
      "bit": "0",
      "detail": "R118(9M)",
      "context": "CE 118 (Platform 8) to Up Main [Salop] (GL 9030)",
      "value": 0
    },
    {
      "bit": "6",
      "detail": "R119(1S)",
      "context": "CE 119 (Up & Down Potteries Loop) to DED Access / Departure Line",
      "value": 0
    },
    {
      "bit": "7",
      "detail": "R119(2M/C)",
      "context": "CE 119 (Up & Down Potteries Loop) to Platform 12 (CE 135)",
      "value": 0
    },
    {
      "bit": "1",
      "detail": "R119(10M/C)",
      "context": "CE 119 (Up & Down Potteries Loop) to Platform 5 (CE 157)",
      "value": 0
    },
    {
      "bit": "2",
      "detail": "R119(11M/C)",
      "context": "CE 119 (Up & Down Potteries Loop) to Platform 4",
      "value": 0
    },
    {
      "bit": "3",
      "detail": "R119(12M/C)",
      "context": "CE 119 (Up & Down Potteries Loop) to Platform 3",
      "value": 0
    },
    {
      "bit": "4",
      "detail": "R119(13M/C)",
      "context": "CE 119 (Up & Down Potteries Loop) to Platform 2",
      "value": 0
    },
    {
      "bit": "5",
      "detail": "R119(14M/C)",
      "context": "CE 119 (Up & Down Potteries Loop) to Platform 1 (CE 147)",
      "value": 0
    }
  ],
  "2E": [
    {
      "bit": "0",
      "detail": "CE118",
      "context": "Signal State",
      "value": 0
    },
    {
      "bit": "1",
      "detail": "CE119",
      "context": "Signal State",
      "value": 0
    },
    {
      "bit": "2",
      "detail": "CE120",
      "context": "Signal State",
      "value": 0
    },
    {
      "bit": "3",
      "detail": "CE121",
      "context": "Signal State",
      "value": 0
    },
    {
      "bit": "4",
      "detail": "CE122",
      "context": "Signal State",
      "value": 0
    },
    {
      "bit": "5",
      "detail": "CE124",
      "context": "Signal State",
      "value": 0
    },
    {
      "bit": "7",
      "detail": "CE126",
      "context": "Signal State",
      "value": 0
    }
  ],
  "0C": [
    {
      "bit": "0",
      "detail": "R119(3M/C)",
      "context": "CE 119 (Up & Down Potteries Loop) to Up & Down Loop (CE 137)",
      "value": 0
    },
    {
      "bit": "1",
      "detail": "R119(4M/C)",
      "context": "CE 119 (Up & Down Potteries Loop) to Platform 11 (CE 139)",
      "value": 0
    },
    {
      "bit": "2",
      "detail": "R119(5M/C)",
      "context": "CE 119 (Up & Down Potteries Loop) to Platform 8",
      "value": 0
    },
    {
      "bit": "3",
      "detail": "R119(6M/C)",
      "context": "CE 119 (Up & Down Potteries Loop) to Platform 7",
      "value": 0
    },
    {
      "bit": "4",
      "detail": "R119(7M/C/W)",
      "context": "CE 119 (Up & Down Potteries Loop) to Platform 6 (CE 149)",
      "value": 0
    },
    {
      "bit": "5",
      "detail": "R119(8M)",
      "context": "CE 119 (Up & Down Potteries Loop) to Down Fast (CE 153)",
      "value": 0
    },
    {
      "bit": "6",
      "detail": "R119(9M/W)",
      "context": "CE 119 (Up & Down Potteries Loop) to Up Fast (CE 155)",
      "value": 0
    },
    {
      "bit": "7",
      "detail": "R120(10S)",
      "context": "CE 120 (Platform 7) to Down Salop Goods",
      "value": 0
    }
  ],
  "0D": [
    {
      "bit": "1",
      "detail": "R120(1M)",
      "context": "CE 120 (Platform 7) to Up & Down Potteries (CE 198)",
      "value": 0
    },
    {
      "bit": "2",
      "detail": "R120(2M)",
      "context": "CE 120 (Platform 7) to Up & Down Potteries Loop (CE 196)",
      "value": 0
    },
    {
      "bit": "3",
      "detail": "R120(5M/S)",
      "context": "CE 120 (Platform 7) to Up Fast (CE 104)",
      "value": 0
    },
    {
      "bit": "4",
      "detail": "R120(6M/S)",
      "context": "CE 120 (Platform 7) to Up Slow (CE 102)",
      "value": 0
    },
    {
      "bit": "5",
      "detail": "R120(9M)",
      "context": "CE 120 (Platform 7) to Up Main [Salop] (GL 9030)",
      "value": 0
    },
    {
      "bit": "0",
      "detail": "R120(11S)",
      "context": "CE 120 (Platform 7) to DED Siding",
      "value": 0
    },
    {
      "bit": "6",
      "detail": "R121(10M/C)",
      "context": "CE 121 (Up & Down Potteries) to Platform 5 (CE 157)",
      "value": 0
    },
    {
      "bit": "7",
      "detail": "R121(11M/C)",
      "context": "CE 121 (Up & Down Potteries) to Platform 4",
      "value": 0
    }
  ],
  "0E": [
    {
      "bit": "3",
      "detail": "R121(1S)",
      "context": "CE 121 (Up & Down Potteries) to DED Access / Departure Line",
      "value": 0
    },
    {
      "bit": "4",
      "detail": "R121(2M/C)",
      "context": "CE 121 (Up & Down Potteries) to Platform 12 (CE 135)",
      "value": 0
    },
    {
      "bit": "5",
      "detail": "R121(3M/C)",
      "context": "CE 121 (Up & Down Potteries) to Up & Down Loop (CE 137)",
      "value": 0
    },
    {
      "bit": "6",
      "detail": "R121(4M/C)",
      "context": "CE 121 (Up & Down Potteries) to Platform 11 (CE 139)",
      "value": 0
    },
    {
      "bit": "7",
      "detail": "R121(5M/C)",
      "context": "CE 121 (Up & Down Potteries) to Platform 8",
      "value": 0
    },
    {
      "bit": "0",
      "detail": "R121(12M/C)",
      "context": "CE 121 (Up & Down Potteries) to Platform 3",
      "value": 0
    },
    {
      "bit": "1",
      "detail": "R121(13M/C)",
      "context": "CE 121 (Up & Down Potteries) to Platform 2",
      "value": 0
    },
    {
      "bit": "2",
      "detail": "R121(14M/C)",
      "context": "CE 121 (Up & Down Potteries) to Platform 1 (CE 147)",
      "value": 0
    }
  ],
  "0F": [
    {
      "bit": "0",
      "detail": "R121(6M/C)",
      "context": "CE 121 (Up & Down Potteries) to Platform 7",
      "value": 0
    },
    {
      "bit": "1",
      "detail": "R121(7M/C/W)",
      "context": "CE 121 (Up & Down Potteries) to Platform 6 (CE 149)",
      "value": 0
    },
    {
      "bit": "2",
      "detail": "R121(8M)",
      "context": "CE 121 (Up & Down Potteries) to Down Fast (CE 153)",
      "value": 0
    },
    {
      "bit": "3",
      "detail": "R121(9M/W)",
      "context": "CE 121 (Up & Down Potteries) to Up Fast (CE 155)",
      "value": 0
    },
    {
      "bit": "4",
      "detail": "R122(1M)",
      "context": "CE 122 (Platform 6) to Up & Down Potteries (CE 198)",
      "value": 0
    },
    {
      "bit": "5",
      "detail": "R122(2M)",
      "context": "CE 122 (Platform 6) to Up & Down Potteries Loop (CE 196)",
      "value": 0
    },
    {
      "bit": "6",
      "detail": "R122(5M/S)",
      "context": "CE 122 (Platform 6) to Up Fast (CE 104)",
      "value": 0
    },
    {
      "bit": "7",
      "detail": "R122(6M/S)",
      "context": "CE 122 (Platform 6) to Up Slow (CE 102)",
      "value": 0
    }
  ],
  "10": [
    {
      "bit": "0",
      "detail": "R122(9M)",
      "context": "CE 122 (Platform 6) to Up Main [Salop] (GL 9030)",
      "value": 0
    },
    {
      "bit": "2",
      "detail": "R124(1M)",
      "context": "CE 124 (Down Fast) to Up & Down Potteries (CE 198)",
      "value": 0
    },
    {
      "bit": "3",
      "detail": "R124(2M)",
      "context": "CE 124 (Down Fast) to Up & Down Potteries Loop (CE 196)",
      "value": 0
    },
    {
      "bit": "4",
      "detail": "R124(5M/S)",
      "context": "CE 124 (Down Fast) to Up Fast (CE 104)",
      "value": 0
    },
    {
      "bit": "5",
      "detail": "R124(6M)",
      "context": "CE 124 (Down Fast) to Up Slow (CE 102)",
      "value": 0
    },
    {
      "bit": "6",
      "detail": "R124(7M/S)",
      "context": "CE 124 (Down Fast) to Up Slow (CE 102)",
      "value": 0
    },
    {
      "bit": "1",
      "detail": "R124(10M)",
      "context": "CE 124 (Down Fast) to Up Main [Salop] (GL 9030)",
      "value": 0
    }
  ],
  "11": [
    {
      "bit": "1",
      "detail": "R126(1M)",
      "context": "CE 126 (Up Fast) to Up & Down Potteries (CE 198)",
      "value": 0
    },
    {
      "bit": "2",
      "detail": "R126(2M)",
      "context": "CE 126 (Up Fast) to Up & Down Potteries Loop (CE 196)",
      "value": 0
    },
    {
      "bit": "3",
      "detail": "R126(5M/S)",
      "context": "CE 126 (Up Fast) to Up Fast (CE 104)",
      "value": 0
    },
    {
      "bit": "4",
      "detail": "R126(6M)",
      "context": "CE 126 (Up Fast) to Up Slow (CE 102)",
      "value": 0
    },
    {
      "bit": "5",
      "detail": "R126(7M/S)",
      "context": "CE 126 (Up Fast) to Up Slow (CE 102)",
      "value": 0
    },
    {
      "bit": "0",
      "detail": "R126(10M)",
      "context": "CE 126 (Up Fast) to Up Main [Salop] (GL 9030)",
      "value": 0
    },
    {
      "bit": "7",
      "detail": "R128(1M)",
      "context": "CE 128 (Platform 5) to Up & Down Potteries (CE 198)",
      "value": 0
    },
    {
      "bit": "6",
      "detail": "R128(10M)",
      "context": "CE 128 (Platform 5) to Up Main [Salop] (GL 9030)",
      "value": 0
    }
  ],
  "12": [
    {
      "bit": "0",
      "detail": "R128(2M)",
      "context": "CE 128 (Platform 5) to Up & Down Potteries Loop (CE 196)",
      "value": 0
    },
    {
      "bit": "1",
      "detail": "R128(5M/S)",
      "context": "CE 128 (Platform 5) to Up Fast (CE 104)",
      "value": 0
    },
    {
      "bit": "2",
      "detail": "R128(6M)",
      "context": "CE 128 (Platform 5) to Up Slow (CE 102)",
      "value": 0
    },
    {
      "bit": "3",
      "detail": "R128(7M/S)",
      "context": "CE 128 (Platform 5) to Up Slow (CE 102)",
      "value": 0
    },
    {
      "bit": "4",
      "detail": "R130(2M/S)",
      "context": "CE 130 (Platform 4) to Up & Down Potteries (CE 198)",
      "value": 0
    },
    {
      "bit": "5",
      "detail": "R130(3M/S)",
      "context": "CE 130 (Platform 4) to Up & Down Potteries Loop (CE 196)",
      "value": 0
    },
    {
      "bit": "6",
      "detail": "R130(6M/S)",
      "context": "CE 130 (Platform 4) to Up Fast (CE 104)",
      "value": 0
    },
    {
      "bit": "7",
      "detail": "R130(7M)",
      "context": "CE 130 (Platform 4) to Up Slow (CE 102)",
      "value": 0
    }
  ],
  "2F": [
    {
      "bit": "0",
      "detail": "CE128",
      "context": "Signal State",
      "value": 0
    },
    {
      "bit": "1",
      "detail": "CE130",
      "context": "Signal State",
      "value": 0
    },
    {
      "bit": "2",
      "detail": "CE131",
      "context": "Signal State",
      "value": 0
    },
    {
      "bit": "3",
      "detail": "CE132",
      "context": "Signal State",
      "value": 0
    },
    {
      "bit": "4",
      "detail": "CE133",
      "context": "Signal State",
      "value": 0
    },
    {
      "bit": "5",
      "detail": "CE134",
      "context": "Signal State",
      "value": 0
    },
    {
      "bit": "6",
      "detail": "CE135",
      "context": "Signal State",
      "value": 0
    },
    {
      "bit": "7",
      "detail": "CE136",
      "context": "Signal State",
      "value": 0
    }
  ],
  "13": [
    {
      "bit": "0",
      "detail": "R131(3M)",
      "context": "CE 131 (Down Chester Ind.) to Down Chester (CE 161)",
      "value": 0
    },
    {
      "bit": "1",
      "detail": "R131(4S)",
      "context": "CE 131 (Down Chester Ind.) to Up Chester LOS",
      "value": 0
    },
    {
      "bit": "2",
      "detail": "R132(2M/S)",
      "context": "CE 132 (Platform 3) to Up & Down Potteries (CE 198)",
      "value": 0
    },
    {
      "bit": "3",
      "detail": "R132(3M/S)",
      "context": "CE 132 (Platform 3) to Up & Down Potteries Loop (CE 196)",
      "value": 0
    },
    {
      "bit": "4",
      "detail": "R132(6M/S)",
      "context": "CE 132 (Platform 3) to Up Fast (CE 104)",
      "value": 0
    },
    {
      "bit": "5",
      "detail": "R132(7M)",
      "context": "CE 132 (Platform 3) to Up Slow (CE 102)",
      "value": 0
    },
    {
      "bit": "6",
      "detail": "R133(2M)",
      "context": "CE 133 (DED Access / Departure Line) to Down Chester (CE 161)",
      "value": 0
    },
    {
      "bit": "7",
      "detail": "R133(3S)",
      "context": "CE 133 (DED Access / Departure Line) to Up Chester LOS",
      "value": 0
    }
  ],
  "14": [
    {
      "bit": "0",
      "detail": "R134(2M/S)",
      "context": "CE 134 (Platform 2) to Up & Down Potteries (CE 198)",
      "value": 0
    },
    {
      "bit": "1",
      "detail": "R134(3M/S)",
      "context": "CE 134 (Platform 2) to Up & Down Potteries Loop (CE 196)",
      "value": 0
    },
    {
      "bit": "2",
      "detail": "R134(6M/S)",
      "context": "CE 134 (Platform 2) to Up Fast (CE 104)",
      "value": 0
    },
    {
      "bit": "3",
      "detail": "R134(7M)",
      "context": "CE 134 (Platform 2) to Up Slow (CE 102)",
      "value": 0
    },
    {
      "bit": "4",
      "detail": "R135(2M/S)",
      "context": "CE 135 (Platform 12) to Down Chester (CE 161)",
      "value": 0
    },
    {
      "bit": "5",
      "detail": "R135(3S)",
      "context": "CE 135 (Platform 12) to Up Chester LOS",
      "value": 0
    },
    {
      "bit": "6",
      "detail": "R135(4M/S)",
      "context": "CE 135 (Platform 12) to Down Slow (CY 52)",
      "value": 0
    },
    {
      "bit": "7",
      "detail": "R135(5M/S)",
      "context": "CE 135 (Platform 12) to Down Fast (CY 48)",
      "value": 0
    }
  ],
  "15": [
    {
      "bit": "0",
      "detail": "R135(6S)",
      "context": "CE 135 (Platform 12) to Up Fast LOS",
      "value": 0
    },
    {
      "bit": "1",
      "detail": "R135(7S)",
      "context": "CE 135 (Platform 12) to Up Slow LOS",
      "value": 0
    },
    {
      "bit": "2",
      "detail": "R136(2M/S)",
      "context": "CE 136 (Platform 1) to Up & Down Potteries (CE 198)",
      "value": 0
    },
    {
      "bit": "3",
      "detail": "R136(3M/S)",
      "context": "CE 136 (Platform 1) to Up & Down Potteries Loop (CE 196)",
      "value": 0
    },
    {
      "bit": "4",
      "detail": "R136(6M/S)",
      "context": "CE 136 (Platform 1) to Up Fast (CE 104)",
      "value": 0
    },
    {
      "bit": "5",
      "detail": "R136(7M)",
      "context": "CE 136 (Platform 1) to Up Slow (CE 102)",
      "value": 0
    },
    {
      "bit": "6",
      "detail": "R137(2M/S)",
      "context": "CE 137 (Up & Down Loop) to Down Chester (CE 161)",
      "value": 0
    },
    {
      "bit": "7",
      "detail": "R137(3S)",
      "context": "CE 137 (Up & Down Loop) to Up Chester LOS",
      "value": 0
    }
  ],
  "16": [
    {
      "bit": "0",
      "detail": "R137(4M/S)",
      "context": "CE 137 (Up & Down Loop) to Down Slow (CY 52)",
      "value": 0
    },
    {
      "bit": "1",
      "detail": "R137(5M/S)",
      "context": "CE 137 (Up & Down Loop) to Down Fast (CY 48)",
      "value": 0
    },
    {
      "bit": "2",
      "detail": "R137(6S)",
      "context": "CE 137 (Up & Down Loop) to Up Fast LOS",
      "value": 0
    },
    {
      "bit": "3",
      "detail": "R137(7S)",
      "context": "CE 137 (Up & Down Loop) to Up Slow LOS",
      "value": 0
    },
    {
      "bit": "4",
      "detail": "R139(2M/S)",
      "context": "CE 139 (Platform 11) to Down Chester (CE 161)",
      "value": 0
    },
    {
      "bit": "5",
      "detail": "R139(3S)",
      "context": "CE 139 (Platform 11) to Up Chester LOS",
      "value": 0
    },
    {
      "bit": "6",
      "detail": "R139(4M/S)",
      "context": "CE 139 (Platform 11) to Down Slow (CY 52)",
      "value": 0
    },
    {
      "bit": "7",
      "detail": "R139(5M/S)",
      "context": "CE 139 (Platform 11) to Down Fast (CY 48)",
      "value": 0
    }
  ],
  "30": [
    {
      "bit": "0",
      "detail": "CE137",
      "context": "Signal State",
      "value": 0
    },
    {
      "bit": "1",
      "detail": "CE139",
      "context": "Signal State",
      "value": 0
    },
    {
      "bit": "2",
      "detail": "CE141",
      "context": "Signal State",
      "value": 0
    },
    {
      "bit": "3",
      "detail": "CE142",
      "context": "Signal State",
      "value": 0
    },
    {
      "bit": "4",
      "detail": "CE143",
      "context": "Signal State",
      "value": 0
    },
    {
      "bit": "5",
      "detail": "CE144",
      "context": "Signal State",
      "value": 0
    },
    {
      "bit": "6",
      "detail": "CE146",
      "context": "Signal State",
      "value": 0
    },
    {
      "bit": "7",
      "detail": "CE147",
      "context": "Signal State",
      "value": 0
    }
  ],
  "17": [
    {
      "bit": "0",
      "detail": "R139(6S)",
      "context": "CE 139 (Platform 11) to Up Fast LOS",
      "value": 0
    },
    {
      "bit": "1",
      "detail": "R139(7S)",
      "context": "CE 139 (Platform 11) to Up Slow LOS",
      "value": 0
    },
    {
      "bit": "2",
      "detail": "R141(2M/S)",
      "context": "CE 141 (Platform 10) to Down Chester (CE 161)",
      "value": 0
    },
    {
      "bit": "3",
      "detail": "R141(3S)",
      "context": "CE 141 (Platform 10) to Up Chester LOS",
      "value": 0
    },
    {
      "bit": "4",
      "detail": "R141(4M/S)",
      "context": "CE 141 (Platform 10) to Down Slow (CY 52)",
      "value": 0
    },
    {
      "bit": "5",
      "detail": "R141(5M/S)",
      "context": "CE 141 (Platform 10) to Down Fast (CY 48)",
      "value": 0
    },
    {
      "bit": "6",
      "detail": "R141(6S)",
      "context": "CE 141 (Platform 10) to Up Fast LOS",
      "value": 0
    },
    {
      "bit": "7",
      "detail": "R141(7S)",
      "context": "CE 141 (Platform 10) to Up Slow LOS",
      "value": 0
    }
  ],
  "18": [
    {
      "bit": "1",
      "detail": "R142(1M/C)",
      "context": "CE 142 (Up Chester) to Platform 6 (CE 122)",
      "value": 0
    },
    {
      "bit": "2",
      "detail": "R142(2M/C)",
      "context": "CE 142 (Up Chester) to Platform 9",
      "value": 0
    },
    {
      "bit": "3",
      "detail": "R142(3M/C)",
      "context": "CE 142 (Up Chester) to Platform 10",
      "value": 0
    },
    {
      "bit": "4",
      "detail": "R142(4M/C)",
      "context": "CE 142 (Up Chester) to Platform 11",
      "value": 0
    },
    {
      "bit": "5",
      "detail": "R142(5M/C)",
      "context": "CE 142 (Up Chester) to Up & Down Loop (CE 114)",
      "value": 0
    },
    {
      "bit": "6",
      "detail": "R142(6S)",
      "context": "CE 142 (Up Chester) to Holding Siding",
      "value": 0
    },
    {
      "bit": "7",
      "detail": "R142(7M/C)",
      "context": "CE 142 (Up Chester) to Platform 12 (CE 112)",
      "value": 0
    },
    {
      "bit": "0",
      "detail": "R142(10S)",
      "context": "CE 142 (Up Chester) to Down Chester Ind.",
      "value": 0
    }
  ],
  "19": [
    {
      "bit": "0",
      "detail": "R142(8S)",
      "context": "CE 142 (Up Chester) to DED Access / Departure Line",
      "value": 0
    },
    {
      "bit": "1",
      "detail": "R142(9M)",
      "context": "CE 142 (Up Chester) to Up Chester Ind.",
      "value": 0
    },
    {
      "bit": "2",
      "detail": "R143(2M)",
      "context": "CE 143 (Platform 9) to Down Chester (CE 161)",
      "value": 0
    },
    {
      "bit": "3",
      "detail": "R143(3S)",
      "context": "CE 143 (Platform 9) to Up Chester LOS",
      "value": 0
    },
    {
      "bit": "4",
      "detail": "R144(10M/C)",
      "context": "CE 144 (Up Fast) to Platform 11 (CE 116)",
      "value": 0
    },
    {
      "bit": "5",
      "detail": "R144(11M/C)",
      "context": "CE 144 (Up Fast) to Up & Down Loop (CE 114)",
      "value": 0
    },
    {
      "bit": "6",
      "detail": "R144(12S)",
      "context": "CE 144 (Up Fast) to Holding Siding",
      "value": 0
    },
    {
      "bit": "7",
      "detail": "R144(13M/C)",
      "context": "CE 144 (Up Fast) to Platform 12 (CE 112)",
      "value": 0
    }
  ],
  "1A": [
    {
      "bit": "0",
      "detail": "R144(1M/C)",
      "context": "CE 144 (Up Fast) to Platform 1 (CE 136)",
      "value": 0
    },
    {
      "bit": "1",
      "detail": "R144(2M/C/W)",
      "context": "CE 144 (Up Fast) to Platform 5 (CE 128)",
      "value": 0
    },
    {
      "bit": "2",
      "detail": "R144(3M)",
      "context": "CE 144 (Up Fast) to Up Fast (CE 126)",
      "value": 0
    },
    {
      "bit": "3",
      "detail": "R144(4M)",
      "context": "CE 144 (Up Fast) to Down Fast (CE 124)",
      "value": 0
    },
    {
      "bit": "4",
      "detail": "R144(5M)",
      "context": "CE 144 (Up Fast) to Down Fast (CE 124)",
      "value": 0
    },
    {
      "bit": "5",
      "detail": "R144(6M/C)",
      "context": "CE 144 (Up Fast) to Platform 6 (CE 122)",
      "value": 0
    },
    {
      "bit": "6",
      "detail": "R144(7M/C)",
      "context": "CE 144 (Up Fast) to Platform 6 (CE 122)",
      "value": 0
    },
    {
      "bit": "7",
      "detail": "R144(8M/C)",
      "context": "CE 144 (Up Fast) to Platform 6 (CE 122)",
      "value": 0
    }
  ],
  "1B": [
    {
      "bit": "0",
      "detail": "R144(9M/C)",
      "context": "CE 144 (Up Fast) to Platform 10",
      "value": 0
    },
    {
      "bit": "5",
      "detail": "R146(1M/C)",
      "context": "CE 146 (Up Slow) to Platform 1 (CE 136)",
      "value": 0
    },
    {
      "bit": "6",
      "detail": "R146(2M/C/W)",
      "context": "CE 146 (Up Slow) to Platform 5 (CE 128)",
      "value": 0
    },
    {
      "bit": "7",
      "detail": "R146(3M)",
      "context": "CE 146 (Up Slow) to Up Fast (CE 126)",
      "value": 0
    },
    {
      "bit": "1",
      "detail": "R146(10M/C)",
      "context": "CE 146 (Up Slow) to Platform 11 (CE 116)",
      "value": 0
    },
    {
      "bit": "2",
      "detail": "R146(11M/C)",
      "context": "CE 146 (Up Slow) to Up & Down Loop (CE 114)",
      "value": 0
    },
    {
      "bit": "3",
      "detail": "R146(12S)",
      "context": "CE 146 (Up Slow) to Holding Siding",
      "value": 0
    },
    {
      "bit": "4",
      "detail": "R146(13M/C)",
      "context": "CE 146 (Up Slow) to Platform 12 (CE 112)",
      "value": 0
    }
  ],
  "1C": [
    {
      "bit": "0",
      "detail": "R146(4M)",
      "context": "CE 146 (Up Slow) to Down Fast (CE 124)",
      "value": 0
    },
    {
      "bit": "1",
      "detail": "R146(5M)",
      "context": "CE 146 (Up Slow) to Down Fast (CE 124)",
      "value": 0
    },
    {
      "bit": "2",
      "detail": "R146(6M/C)",
      "context": "CE 146 (Up Slow) to Platform 6 (CE 122)",
      "value": 0
    },
    {
      "bit": "3",
      "detail": "R146(7M/C)",
      "context": "CE 146 (Up Slow) to Platform 6 (CE 122)",
      "value": 0
    },
    {
      "bit": "4",
      "detail": "R146(8M/C)",
      "context": "CE 146 (Up Slow) to Platform 6 (CE 122)",
      "value": 0
    },
    {
      "bit": "5",
      "detail": "R146(9M/C)",
      "context": "CE 146 (Up Slow) to Platform 10",
      "value": 0
    },
    {
      "bit": "6",
      "detail": "R147(1M/S)",
      "context": "CE 147 (Platform 1) to Platform 1 (CE 159)",
      "value": 0
    },
    {
      "bit": "7",
      "detail": "R148(1M)",
      "context": "CE 148 (Down Manchester) to Up Fast (CE 126)",
      "value": 0
    }
  ],
  "1D": [
    {
      "bit": "0",
      "detail": "R148(2M)",
      "context": "CE 148 (Down Manchester) to Down Fast (CE 124)",
      "value": 0
    },
    {
      "bit": "1",
      "detail": "R148(3M/C)",
      "context": "CE 148 (Down Manchester) to Platform 6 (CE 122)",
      "value": 0
    },
    {
      "bit": "2",
      "detail": "R149(1M/W/S)",
      "context": "CE 149 (Platform 6) to Platform 6 (CE 151)",
      "value": 0
    },
    {
      "bit": "3",
      "detail": "R149(2M/S)",
      "context": "CE 149 (Platform 6) to Down Fast (CY 48)",
      "value": 0
    },
    {
      "bit": "4",
      "detail": "R149(3S)",
      "context": "CE 149 (Platform 6) to Up Fast LOS",
      "value": 0
    },
    {
      "bit": "5",
      "detail": "R149(4S)",
      "context": "CE 149 (Platform 6) to Up Slow LOS",
      "value": 0
    },
    {
      "bit": "6",
      "detail": "R149(5M)",
      "context": "CE 149 (Platform 6) to Down Manchester (MS 4029)",
      "value": 0
    },
    {
      "bit": "7",
      "detail": "R150(1M/C)",
      "context": "CE 150 (Up Manchester) to Platform 1 (CE 136)",
      "value": 0
    }
  ],
  "31": [
    {
      "bit": "0",
      "detail": "CE148",
      "context": "Signal State",
      "value": 0
    },
    {
      "bit": "1",
      "detail": "CE149",
      "context": "Signal State",
      "value": 0
    },
    {
      "bit": "2",
      "detail": "CE150",
      "context": "Signal State",
      "value": 0
    },
    {
      "bit": "3",
      "detail": "CE151",
      "context": "Signal State",
      "value": 0
    },
    {
      "bit": "4",
      "detail": "CE152",
      "context": "Signal State",
      "value": 0
    },
    {
      "bit": "5",
      "detail": "CE153",
      "context": "Signal State",
      "value": 0
    },
    {
      "bit": "6",
      "detail": "CE154",
      "context": "Signal State",
      "value": 0
    },
    {
      "bit": "7",
      "detail": "CE155",
      "context": "Signal State",
      "value": 0
    }
  ],
  "1E": [
    {
      "bit": "0",
      "detail": "R150(2M/C/W)",
      "context": "CE 150 (Up Manchester) to Platform 5 (CE 128)",
      "value": 0
    },
    {
      "bit": "1",
      "detail": "R151(2M)",
      "context": "CE 151 (Platform 6) to Down Chester (CE 161)",
      "value": 0
    },
    {
      "bit": "2",
      "detail": "R151(3S)",
      "context": "CE 151 (Platform 6) to Up Chester LOS",
      "value": 0
    },
    {
      "bit": "3",
      "detail": "R151(4M/S)",
      "context": "CE 151 (Platform 6) to Down Slow (CY 52)",
      "value": 0
    },
    {
      "bit": "4",
      "detail": "R151(5M/S)",
      "context": "CE 151 (Platform 6) to Down Fast (CY 48)",
      "value": 0
    },
    {
      "bit": "5",
      "detail": "R151(6S)",
      "context": "CE 151 (Platform 6) to Up Fast LOS",
      "value": 0
    },
    {
      "bit": "6",
      "detail": "R151(7S)",
      "context": "CE 151 (Platform 6) to Up Slow LOS",
      "value": 0
    },
    {
      "bit": "7",
      "detail": "R152(1M/C)",
      "context": "CE 152 (Up Manchester Loop) to Platform 1 (CE 136)",
      "value": 0
    }
  ],
  "1F": [
    {
      "bit": "0",
      "detail": "R152(2M/C/W)",
      "context": "CE 152 (Up Manchester Loop) to Platform 5 (CE 128)",
      "value": 0
    },
    {
      "bit": "1",
      "detail": "R153(1M)",
      "context": "CE 153 (Down Fast) to Down Slow (CY 52)",
      "value": 0
    },
    {
      "bit": "2",
      "detail": "R153(2M)",
      "context": "CE 153 (Down Fast) to Down Fast (CY 48)",
      "value": 0
    },
    {
      "bit": "3",
      "detail": "R153(3S)",
      "context": "CE 153 (Down Fast) to Up Fast LOS",
      "value": 0
    },
    {
      "bit": "4",
      "detail": "R153(4S)",
      "context": "CE 153 (Down Fast) to Up Slow LOS",
      "value": 0
    },
    {
      "bit": "5",
      "detail": "R153(5M)",
      "context": "CE 153 (Down Fast) to Down Manchester (MS 4029)",
      "value": 0
    },
    {
      "bit": "6",
      "detail": "R154(1M/W)",
      "context": "CE 154 (Up Manchester) to Up Manchester Loop (CE 152)",
      "value": 0
    },
    {
      "bit": "7",
      "detail": "R154(2M/W)",
      "context": "CE 154 (Up Manchester) to Up Manchester (CE 150)",
      "value": 0
    }
  ],
  "20": [
    {
      "bit": "0",
      "detail": "R154(3M/W)",
      "context": "CE 154 (Up Manchester) to Down Manchester (CE 148)",
      "value": 0
    },
    {
      "bit": "1",
      "detail": "R155(1M)",
      "context": "CE 155 (Up Fast) to Down Slow (CY 52)",
      "value": 0
    },
    {
      "bit": "2",
      "detail": "R155(2M)",
      "context": "CE 155 (Up Fast) to Down Fast (CY 48)",
      "value": 0
    },
    {
      "bit": "3",
      "detail": "R155(3S)",
      "context": "CE 155 (Up Fast) to Up Fast LOS",
      "value": 0
    },
    {
      "bit": "4",
      "detail": "R155(4S)",
      "context": "CE 155 (Up Fast) to Up Slow LOS",
      "value": 0
    },
    {
      "bit": "5",
      "detail": "R155(5M)",
      "context": "CE 155 (Up Fast) to Down Manchester (MS 4029)",
      "value": 0
    },
    {
      "bit": "6",
      "detail": "R157(1M)",
      "context": "CE 157 (Platform 5) to Down Slow (CY 52)",
      "value": 0
    },
    {
      "bit": "7",
      "detail": "R157(2M)",
      "context": "CE 157 (Platform 5) to Down Fast (CY 48)",
      "value": 0
    }
  ],
  "21": [
    {
      "bit": "0",
      "detail": "R157(3S)",
      "context": "CE 157 (Platform 5) to Up Fast LOS",
      "value": 0
    },
    {
      "bit": "1",
      "detail": "R157(4S)",
      "context": "CE 157 (Platform 5) to Up Slow LOS",
      "value": 0
    },
    {
      "bit": "2",
      "detail": "R157(5M)",
      "context": "CE 157 (Platform 5) to Down Manchester (MS 4029)",
      "value": 0
    },
    {
      "bit": "3",
      "detail": "R157(6S)",
      "context": "CE 157 (Platform 5) to Up Manchester Loop LOS",
      "value": 0
    },
    {
      "bit": "4",
      "detail": "R159(1M)",
      "context": "CE 159 (Platform 1) to Down Slow (CY 52)",
      "value": 0
    },
    {
      "bit": "5",
      "detail": "R159(2M)",
      "context": "CE 159 (Platform 1) to Down Fast (CY 48)",
      "value": 0
    },
    {
      "bit": "6",
      "detail": "R159(3S)",
      "context": "CE 159 (Platform 1) to Up Fast LOS",
      "value": 0
    },
    {
      "bit": "7",
      "detail": "R159(4S)",
      "context": "CE 159 (Platform 1) to Up Slow LOS",
      "value": 0
    }
  ],
  "32": [
    {
      "bit": "0",
      "detail": "CE157",
      "context": "Signal State",
      "value": 0
    },
    {
      "bit": "1",
      "detail": "CE159",
      "context": "Signal State",
      "value": 0
    },
    {
      "bit": "2",
      "detail": "CE161",
      "context": "Signal State",
      "value": 0
    },
    {
      "bit": "3",
      "detail": "CE162",
      "context": "Signal State",
      "value": 0
    },
    {
      "bit": "4",
      "detail": "CE164",
      "context": "Signal State",
      "value": 0
    },
    {
      "bit": "6",
      "detail": "CE175",
      "context": "Signal State",
      "value": 0
    },
    {
      "bit": "7",
      "detail": "CE176",
      "context": "Signal State",
      "value": 0
    }
  ],
  "22": [
    {
      "bit": "0",
      "detail": "R159(5M)",
      "context": "CE 159 (Platform 1) to Down Manchester (MS 4029)",
      "value": 0
    },
    {
      "bit": "1",
      "detail": "R159(6S)",
      "context": "CE 159 (Platform 1) to Up Manchester Loop LOS",
      "value": 0
    },
    {
      "bit": "2",
      "detail": "R161(2M)",
      "context": "CE 161 (Down Chester) to Down Chester (SW 2)",
      "value": 0
    },
    {
      "bit": "3",
      "detail": "R162(1M)",
      "context": "CE 162 (Up Chester) to Up Chester (CE 142)",
      "value": 0
    },
    {
      "bit": "4",
      "detail": "R164(1M)",
      "context": "CE 164 (ETD Departure) to Up Chester (CE 162)",
      "value": 0
    },
    {
      "bit": "6",
      "detail": "R175(1M)",
      "context": "CE 175 (Down Main [Potteries]) to Down Main [Potteries] (CE 183)",
      "value": 0
    },
    {
      "bit": "7",
      "detail": "R175(2M/C)",
      "context": "CE 175 (Down Main [Potteries]) to Up & Down Goods Loop (CE 179)",
      "value": 0
    }
  ],
  "23": [
    {
      "bit": "0",
      "detail": "R175(3S)",
      "context": "CE 175 (Down Main [Potteries]) to Siding",
      "value": 0
    },
    {
      "bit": "1",
      "detail": "R176(1M)",
      "context": "CE 176 (Siding) to Up Main [Potteries]",
      "value": 0
    },
    {
      "bit": "2",
      "detail": "R178(1M)",
      "context": "CE 178 (Up & Down Goods Loop) to Up Main [Potteries]",
      "value": 0
    },
    {
      "bit": "3",
      "detail": "R179(1M)",
      "context": "CE 179 (Up & Down Goods Loop) to Up Main [Potteries] (CE 181)",
      "value": 0
    },
    {
      "bit": "4",
      "detail": "R181(1M)",
      "context": "CE 181 (Up Main [Potteries] to Down Main [Potteries] (CE 185)",
      "value": 0
    },
    {
      "bit": "5",
      "detail": "R183(1M)",
      "context": "CE 183 (Down Main [Potteries] to Down Main [Potteries] (CE 185)",
      "value": 0
    },
    {
      "bit": "6",
      "detail": "R184(1M/C)",
      "context": "CE 184 (Up Main [Potteries]) to Up & Down Goods Loop (CE 178)",
      "value": 0
    },
    {
      "bit": "7",
      "detail": "R185(1M)",
      "context": "CE 185 (Down Main [Potteries]) to Down Main [Potteries] (CE 189)",
      "value": 0
    }
  ],
  "33": [
    {
      "bit": "0",
      "detail": "CE178",
      "context": "Signal State",
      "value": 0
    },
    {
      "bit": "1",
      "detail": "CE179",
      "context": "Signal State",
      "value": 0
    },
    {
      "bit": "2",
      "detail": "CE181",
      "context": "Signal State",
      "value": 0
    },
    {
      "bit": "3",
      "detail": "CE183",
      "context": "Signal State",
      "value": 0
    },
    {
      "bit": "4",
      "detail": "CE184",
      "context": "Signal State",
      "value": 0
    },
    {
      "bit": "5",
      "detail": "CE185",
      "context": "Signal State",
      "value": 0
    },
    {
      "bit": "6",
      "detail": "CE186",
      "context": "Signal State",
      "value": 0
    }
  ],
  "24": [
    {
      "bit": "0",
      "detail": "R186(1M)",
      "context": "CE 186 (Up Main [Potteries]) to Up Main [Potteries] (CE 184)",
      "value": 0
    },
    {
      "bit": "3",
      "detail": "R189(1M)",
      "context": "CE 189 (Down Main [Potteries]) to Up & Down Potteries (CE 191)",
      "value": 0
    },
    {
      "bit": "4",
      "detail": "R190(1M)",
      "context": "CE 190 (Up & Down Potteries) to Up Main [Potteries] (CE 186)",
      "value": 0
    },
    {
      "bit": "6",
      "detail": "R193(1M)",
      "context": "CE 193 (Up & Down Potteries) to Up & Down Potteries Loop (CE 119)",
      "value": 0
    },
    {
      "bit": "7",
      "detail": "R193(2M)",
      "context": "CE 193 (Up & Down Potteries) to Up & Down Potteries (CE 121)",
      "value": 0
    }
  ],
  "34": [
    {
      "bit": "1",
      "detail": "CE189",
      "context": "Signal State",
      "value": 0
    },
    {
      "bit": "2",
      "detail": "CE190",
      "context": "Signal State",
      "value": 0
    },
    {
      "bit": "3",
      "detail": "CE191",
      "context": "Signal State",
      "value": 0
    },
    {
      "bit": "4",
      "detail": "CE192",
      "context": "Signal State",
      "value": 0
    },
    {
      "bit": "5",
      "detail": "CE193",
      "context": "Signal State",
      "value": 0
    },
    {
      "bit": "6",
      "detail": "CE196",
      "context": "Signal State",
      "value": 0
    },
    {
      "bit": "7",
      "detail": "CE198",
      "context": "Signal State",
      "value": 0
    }
  ],
  "25": [
    {
      "bit": "0",
      "detail": "R196(1M)",
      "context": "CE 196 (Up & Down Potteries Loop) to Up & Down Potteries (CE 192)",
      "value": 0
    },
    {
      "bit": "1",
      "detail": "R198(1M)",
      "context": "CE 198 (Up & Down Potteries) to Up & Down Potteries (CE 192)",
      "value": 0
    },
    {
      "bit": "2",
      "detail": "R202(1M)",
      "context": "CE 202 (Crewe Works) to Up Chester Line (CE 162)",
      "value": 0
    },
    {
      "bit": "3",
      "detail": "R524(1S)",
      "context": "CE 524 (Up Main [Potteries]) to Up & Down Goods Loop (CE 178)",
      "value": 0
    },
    {
      "bit": "4",
      "detail": "R524(2S)",
      "context": "CE 524 (Up Main [Potteries]) to Up Main [Potteries]",
      "value": 0
    },
    {
      "bit": "5",
      "detail": "R531(1S)",
      "context": "CE 531 (Down Refuge Siding) to DED Access / Departure Line",
      "value": 0
    },
    {
      "bit": "6",
      "detail": "R531(2S)",
      "context": "CE 531 (Down Refuge Siding) to Up Main [Salop] (CE 553)",
      "value": 0
    },
    {
      "bit": "7",
      "detail": "R531(3S)",
      "context": "CE 531 (Down Refuge Siding) to Platform 6 (CE 149)",
      "value": 0
    }
  ],
  "35": [
    {
      "bit": "0",
      "detail": "CE202",
      "context": "Signal State",
      "value": 0
    },
    {
      "bit": "1",
      "detail": "CE524",
      "context": "Signal State",
      "value": 0
    },
    {
      "bit": "2",
      "detail": "CE531",
      "context": "Signal State",
      "value": 0
    },
    {
      "bit": "3",
      "detail": "CE535",
      "context": "Signal State",
      "value": 0
    },
    {
      "bit": "4",
      "detail": "CE537",
      "context": "Signal State",
      "value": 0
    },
    {
      "bit": "5",
      "detail": "CE539",
      "context": "Signal State",
      "value": 0
    },
    {
      "bit": "6",
      "detail": "CE543",
      "context": "Signal State",
      "value": 0
    },
    {
      "bit": "7",
      "detail": "CE544",
      "context": "Signal State",
      "value": 0
    }
  ],
  "26": [
    {
      "bit": "0",
      "detail": "R531(4S)",
      "context": "CE 531 (Down Refuge Siding) to Down Fast (CE 153)",
      "value": 0
    },
    {
      "bit": "1",
      "detail": "R531(5S)",
      "context": "CE 531 (Down Refuge Siding) to Up Fast (CE 155)",
      "value": 0
    },
    {
      "bit": "2",
      "detail": "R531(6S)",
      "context": "CE 531 (Down Refuge Siding) to Platform 5 (CE 157)",
      "value": 0
    },
    {
      "bit": "3",
      "detail": "R535(1S)",
      "context": "CE 535 (Carriage Shed 1) to Up Fast (CE 545)",
      "value": 0
    },
    {
      "bit": "4",
      "detail": "R537(1S)",
      "context": "CE 537 (Carriage Shed 2) to Up Fast (CE 545)",
      "value": 0
    },
    {
      "bit": "5",
      "detail": "R539(1S)",
      "context": "CE 539 (Head Shunt) to Up & Down Potteries (CE 555)",
      "value": 0
    },
    {
      "bit": "6",
      "detail": "R543(1S)",
      "context": "CE 543 (South Yard) to DED Access / Departure Line",
      "value": 0
    },
    {
      "bit": "7",
      "detail": "R543(2S)",
      "context": "CE 542 (South Yard) to Up Main [Salop] (CE 553)",
      "value": 0
    }
  ],
  "27": [
    {
      "bit": "0",
      "detail": "R543(3S)",
      "context": "CE 542 (South Yard) to Platform 6 (CE 149)",
      "value": 0
    },
    {
      "bit": "1",
      "detail": "R543(4S)",
      "context": "CE 542 (South Yard) to Down Fast (CE 153)",
      "value": 0
    },
    {
      "bit": "2",
      "detail": "R543(5S)",
      "context": "CE 542 (South Yard) to Up Fast (CE 155)",
      "value": 0
    },
    {
      "bit": "3",
      "detail": "R543(6S)",
      "context": "CE 542 (South Yard) to Platform 5 (CE 157)",
      "value": 0
    },
    {
      "bit": "4",
      "detail": "R544(1S)",
      "context": "CE 544 (DED Access / Departure Line) to DED Siding",
      "value": 0
    },
    {
      "bit": "6",
      "detail": "R545(1S)",
      "context": "CE 545 (Up Fast) to DED Access / Departure Line Line",
      "value": 0
    },
    {
      "bit": "7",
      "detail": "R545(2S)",
      "context": "CE 545 (Up Fast) to Up Main [Salop] (CE 553)",
      "value": 0
    },
    {
      "bit": "5",
      "detail": "R545(10S)",
      "context": "CE 545 (Up Fast) to Platform 1 (CE 147)",
      "value": 0
    }
  ],
  "28": [
    {
      "bit": "0",
      "detail": "R545(3S)",
      "context": "CE 545 (Up Fast) to Platform 6 (CE 149)",
      "value": 0
    },
    {
      "bit": "1",
      "detail": "R545(4S)",
      "context": "CE 545 (Up Fast) to Down Fast (CE 153)",
      "value": 0
    },
    {
      "bit": "2",
      "detail": "R545(5S)",
      "context": "CE 545 (Up Fast) to Up Fast (CE 155)",
      "value": 0
    },
    {
      "bit": "3",
      "detail": "R545(6S)",
      "context": "CE 545 (Up Fast) to Platform 5 (CE 157)",
      "value": 0
    },
    {
      "bit": "4",
      "detail": "R545(7S)",
      "context": "CE 545 (Up Fast) to Platform 4",
      "value": 0
    },
    {
      "bit": "5",
      "detail": "R545(8S)",
      "context": "CE 545 (Up Fast) to Platform 3",
      "value": 0
    },
    {
      "bit": "6",
      "detail": "R545(9S)",
      "context": "CE 545 (Up Fast) to Platform 2",
      "value": 0
    },
    {
      "bit": "7",
      "detail": "R551(1S)",
      "context": "CE 551 (DED Siding) to DED Access / Departure Line",
      "value": 0
    }
  ],
  "36": [
    {
      "bit": "0",
      "detail": "CE545",
      "context": "Signal State",
      "value": 0
    },
    {
      "bit": "1",
      "detail": "CE551",
      "context": "Signal State",
      "value": 0
    },
    {
      "bit": "2",
      "detail": "CE553",
      "context": "Signal State",
      "value": 0
    },
    {
      "bit": "3",
      "detail": "CE555",
      "context": "Signal State",
      "value": 0
    },
    {
      "bit": "4",
      "detail": "CE561",
      "context": "Signal State",
      "value": 0
    },
    {
      "bit": "5",
      "detail": "CE562",
      "context": "Signal State",
      "value": 0
    },
    {
      "bit": "6",
      "detail": "CE566",
      "context": "Signal State",
      "value": 0
    },
    {
      "bit": "7",
      "detail": "CE570",
      "context": "Signal State",
      "value": 0
    }
  ],
  "29": [
    {
      "bit": "0",
      "detail": "R551(2S)",
      "context": "CE 551 (DED Siding) to Up Main [Salop] (CE 553)",
      "value": 0
    },
    {
      "bit": "1",
      "detail": "R553(1S)",
      "context": "CE 553 (Up Main [Salop]) to Platform 12 (CE 135)",
      "value": 0
    },
    {
      "bit": "2",
      "detail": "R553(2S)",
      "context": "CE 553 (Up Main [Salop]) to Up & Down Loop (CE 137)",
      "value": 0
    },
    {
      "bit": "3",
      "detail": "R553(3S)",
      "context": "CE 553 (Up Main [Salop]) to Platform 11 (CE 139)",
      "value": 0
    },
    {
      "bit": "4",
      "detail": "R553(4S)",
      "context": "CE 553 (Up Main [Salop]) to Platform 8",
      "value": 0
    },
    {
      "bit": "5",
      "detail": "R553(5S)",
      "context": "CE 553 (Up Main [Salop]) to Platform 7",
      "value": 0
    },
    {
      "bit": "6",
      "detail": "R555(1S)",
      "context": "CE 555 (Up and Down Potteries) to Platform 4",
      "value": 0
    },
    {
      "bit": "7",
      "detail": "R555(2S)",
      "context": "CE 555 (Up and Down Potteries) to Platform 3",
      "value": 0
    }
  ],
  "2A": [
    {
      "bit": "0",
      "detail": "R555(3S)",
      "context": "CE 555 (Up and Down Potteries) to Platform 2",
      "value": 0
    },
    {
      "bit": "1",
      "detail": "R555(4S)",
      "context": "CE 555 (Up and Down Potteries) to Platform 1 (CE 147)",
      "value": 0
    },
    {
      "bit": "2",
      "detail": "R561(2S)",
      "context": "CE 561 (Holding Sidings) to Down Chester (CE 161)",
      "value": 0
    },
    {
      "bit": "3",
      "detail": "R561(3S)",
      "context": "CE 561 (Holding Sidings) to Up Chester LOS",
      "value": 0
    },
    {
      "bit": "4",
      "detail": "R561(4S)",
      "context": "CE 561 (Holding Sidings) to Down Slow (CY 52)",
      "value": 0
    },
    {
      "bit": "5",
      "detail": "R561(5S)",
      "context": "CE 561 (Holding Sidings) to Down Fast (CY 48)",
      "value": 0
    },
    {
      "bit": "6",
      "detail": "R561(6S)",
      "context": "CE 561 (Holding Sidings) to Up Fast LOS",
      "value": 0
    },
    {
      "bit": "7",
      "detail": "R561(7S)",
      "context": "CE 561 (Holding Sidings) to Up Slow LOS",
      "value": 0
    }
  ],
  "2B": [
    {
      "bit": "0",
      "detail": "R562(1S)",
      "context": "CE 562 (Down Chester) to Platform 10",
      "value": 0
    },
    {
      "bit": "1",
      "detail": "R562(2S)",
      "context": "CE 562 (Down Chester) to Platform 11 (CE 116)",
      "value": 0
    },
    {
      "bit": "2",
      "detail": "R562(3S)",
      "context": "CE 562 (Down Chester) to Up & Down Loop (CE 114)",
      "value": 0
    },
    {
      "bit": "3",
      "detail": "R562(4S)",
      "context": "CE 562 (Down Chester) to Holding Siding",
      "value": 0
    },
    {
      "bit": "4",
      "detail": "R562(5S)",
      "context": "CE 562 (Down Chester) to Platform 12 (CE 112)",
      "value": 0
    },
    {
      "bit": "5",
      "detail": "R562(6S)",
      "context": "CE 562 (Down Chester) to DED Access / Departure Line",
      "value": 0
    },
    {
      "bit": "6",
      "detail": "R562(7S)",
      "context": "CE 562 (Down Chester) to Up Chester Ind.",
      "value": 0
    },
    {
      "bit": "7",
      "detail": "R562(8S)",
      "context": "CE 562 (Down Chester) to Down Chester Ind. LOS",
      "value": 0
    }
  ],
  "37": [
    {
      "bit": "7",
      "detail": "CE573",
      "context": "Signal State",
      "value": 0
    }
  ],
  "3A": [
    {
      "bit": "6",
      "detail": "P1DTRSE",
      "context": "TRTS",
      "value": 0
    },
    {
      "bit": "7",
      "detail": "P1UTRSE",
      "context": "TRTS",
      "value": 0
    }
  ],
  "3B": [
    {
      "bit": "0",
      "detail": "P2TRTSE",
      "context": "TRTS",
      "value": 0
    },
    {
      "bit": "1",
      "detail": "P3TRTSE",
      "context": "TRTS",
      "value": 0
    },
    {
      "bit": "2",
      "detail": "P4TRTSE",
      "context": "TRTS",
      "value": 0
    },
    {
      "bit": "3",
      "detail": "P5DTRSE",
      "context": "TRTS",
      "value": 0
    },
    {
      "bit": "4",
      "detail": "P5UTRSE",
      "context": "TRTS",
      "value": 0
    },
    {
      "bit": "5",
      "detail": "P6DTRSNE",
      "context": "TRTS",
      "value": 0
    },
    {
      "bit": "6",
      "detail": "P6DTRSSE",
      "context": "TRTS",
      "value": 0
    },
    {
      "bit": "7",
      "detail": "P6UTRSE",
      "context": "TRTS",
      "value": 0
    }
  ],
  "3C": [
    {
      "bit": "0",
      "detail": "P7TRTSE",
      "context": "TRTS",
      "value": 0
    },
    {
      "bit": "1",
      "detail": "P8TRTSE",
      "context": "TRTS",
      "value": 0
    },
    {
      "bit": "2",
      "detail": "P9TRTSE",
      "context": "TRTS",
      "value": 0
    },
    {
      "bit": "3",
      "detail": "P10TRTSE",
      "context": "TRTS",
      "value": 0
    },
    {
      "bit": "4",
      "detail": "P11DTRSE",
      "context": "TRTS",
      "value": 0
    },
    {
      "bit": "5",
      "detail": "P11UTRSE",
      "context": "TRTS",
      "value": 0
    },
    {
      "bit": "6",
      "detail": "P12DTRSE",
      "context": "TRTS",
      "value": 0
    },
    {
      "bit": "7",
      "detail": "P12UTRSE",
      "context": "TRTS",
      "value": 0
    }
  ]
}